sample,Group,Cancer,UMAP1,UMAP2,pca_n,umap_seed
TCGA-D5-6929-01,COAD tumor,COAD,-2.5593362,3.246397,30,42
TCGA-AA-3511-01,COAD tumor,COAD,-2.1082304,2.9759445,30,42
TCGA-QG-A5YX-01,COAD tumor,COAD,-1.3267795,0.810483,30,42
TCGA-F4-6704-11,COAD normal,COAD,-3.5136068,0.47960407,30,42
TCGA-CM-6164-01,COAD tumor,COAD,-2.4662473,2.0234454,30,42
TCGA-A6-A567-01,COAD tumor,COAD,-0.7740214,2.2400608,30,42
TCGA-AA-3516-11,COAD normal,COAD,-3.7071576,-0.349799,30,42
TCGA-G4-6320-01,COAD tumor,COAD,-0.60089546,-3.624621,30,42
TCGA-AY-A69D-01,COAD tumor,COAD,-2.198462,2.7496157,30,42
TCGA-AY-A8YK-01,COAD tumor,COAD,-1.7327046,3.665473,30,42
TCGA-F4-6806-01,COAD tumor,COAD,-1.671978,2.371503,30,42
TCGA-5M-AAT4-01,COAD tumor,COAD,-1.1085653,3.185195,30,42
TCGA-CM-6167-01,COAD tumor,COAD,-2.6270874,2.865759,30,42
TCGA-AZ-6603-01,COAD tumor,COAD,-0.57441646,-0.2439355,30,42
TCGA-CM-6168-01,COAD tumor,COAD,-1.710368,0.2991301,30,42
TCGA-G4-6314-01,COAD tumor,COAD,-1.831181,1.5377765,30,42
TCGA-F4-6808-01,COAD tumor,COAD,-2.644369,3.5854933,30,42
TCGA-AZ-4615-01,COAD tumor,COAD,-1.4393685,-0.076455936,30,42
TCGA-AY-6386-01,COAD tumor,COAD,-2.7407715,3.01758,30,42
TCGA-AZ-6598-01,COAD tumor,COAD,-1.3940206,-0.41753554,30,42
TCGA-A6-6653-01,COAD tumor,COAD,-2.0868657,-0.5439486,30,42
TCGA-NH-A50V-01,COAD tumor,COAD,-2.6879256,3.450387,30,42
TCGA-AD-6899-01,COAD tumor,COAD,-2.66912,0.9265815,30,42
TCGA-G4-6311-01,COAD tumor,COAD,-0.8524075,0.12161446,30,42
TCGA-A6-2683-11,COAD normal,COAD,-3.8407254,-0.096257806,30,42
TCGA-DM-A280-01,COAD tumor,COAD,-0.5913893,0.5622529,30,42
TCGA-NH-A6GC-01,COAD tumor,COAD,-2.0179927,1.2486297,30,42
TCGA-F4-6570-01,COAD tumor,COAD,-1.3404722,-0.6820782,30,42
TCGA-CM-6679-01,COAD tumor,COAD,-2.6390545,2.3184812,30,42
TCGA-A6-4105-01,COAD tumor,COAD,-0.7235638,1.1740745,30,42
TCGA-D5-5538-01,COAD tumor,COAD,-1.0206507,0.43769887,30,42
TCGA-NH-A50U-01,COAD tumor,COAD,-1.6315695,2.113768,30,42
TCGA-D5-6924-01,COAD tumor,COAD,-0.8871688,0.91870445,30,42
TCGA-D5-6931-01,COAD tumor,COAD,-2.697568,3.6888945,30,42
TCGA-A6-5656-01,COAD tumor,COAD,-2.379039,3.1161733,30,42
TCGA-A6-6649-01,COAD tumor,COAD,-4.1275334,1.6043042,30,42
TCGA-AA-3518-11,COAD normal,COAD,-3.5458343,0.07106092,30,42
TCGA-DM-A0X9-01,COAD tumor,COAD,-1.7923622,3.3248844,30,42
TCGA-DM-A28G-01,COAD tumor,COAD,-1.5436847,3.7148952,30,42
TCGA-F4-6703-01,COAD tumor,COAD,-2.6058517,1.7530084,30,42
TCGA-AA-3492-01,COAD tumor,COAD,-1.5835983,-0.3310026,30,42
TCGA-G4-6293-01,COAD tumor,COAD,-2.0478954,3.2540176,30,42
TCGA-AA-3531-11,COAD normal,COAD,-3.4312613,-0.66434914,30,42
TCGA-DM-A28E-01,COAD tumor,COAD,-1.6335993,3.5466695,30,42
TCGA-CK-6747-01,COAD tumor,COAD,-2.177327,2.532202,30,42
TCGA-CK-4947-01,COAD tumor,COAD,-0.8366507,0.5013842,30,42
TCGA-AD-6888-01,COAD tumor,COAD,-1.3208529,2.5218353,30,42
TCGA-F4-6809-01,COAD tumor,COAD,-0.16305107,0.16249749,30,42
TCGA-CK-5914-01,COAD tumor,COAD,-1.0420243,3.2674282,30,42
TCGA-AZ-4313-01,COAD tumor,COAD,-0.5389013,-3.7782197,30,42
TCGA-G4-6588-01,COAD tumor,COAD,-3.5650733,2.5722394,30,42
TCGA-G4-6309-01,COAD tumor,COAD,-3.587755,2.194734,30,42
TCGA-CM-5868-01,COAD tumor,COAD,-1.0282382,0.23501085,30,42
TCGA-F4-6855-01,COAD tumor,COAD,-2.9167354,1.9488137,30,42
TCGA-AD-6964-01,COAD tumor,COAD,-1.720753,0.28767288,30,42
TCGA-G4-6295-01,COAD tumor,COAD,-2.2700675,3.6424463,30,42
TCGA-D5-5539-01,COAD tumor,COAD,-1.3000278,-0.3756113,30,42
TCGA-AA-3506-01,COAD tumor,COAD,-1.6056513,0.13516673,30,42
TCGA-A6-5661-01,COAD tumor,COAD,-4.080054,1.657725,30,42
TCGA-RU-A8FL-01,COAD tumor,COAD,-0.87849224,3.1703587,30,42
TCGA-5M-AATE-01,COAD tumor,COAD,-0.5512161,2.2194598,30,42
TCGA-AA-3712-11,COAD normal,COAD,-3.869072,-0.15120666,30,42
TCGA-A6-6648-01,COAD tumor,COAD,-3.2207348,1.7515113,30,42
TCGA-A6-5662-01,COAD tumor,COAD,-2.3428738,3.278163,30,42
TCGA-DM-A1D8-01,COAD tumor,COAD,-1.3740362,3.2317586,30,42
TCGA-D5-6539-01,COAD tumor,COAD,-4.3345904,0.12038568,30,42
TCGA-AZ-6599-01,COAD tumor,COAD,-3.7307029,2.336022,30,42
TCGA-G4-6299-01,COAD tumor,COAD,-1.7877406,-0.09733618,30,42
TCGA-AZ-5403-01,COAD tumor,COAD,-3.019261,1.910471,30,42
TCGA-AD-5900-01,COAD tumor,COAD,-2.0075388,0.5813038,30,42
TCGA-D5-6898-01,COAD tumor,COAD,-0.6759571,1.6318629,30,42
TCGA-AA-3489-01,COAD tumor,COAD,-0.21120806,0.47107193,30,42
TCGA-DM-A1D7-01,COAD tumor,COAD,-1.8377398,3.184559,30,42
TCGA-AA-A02Y-01,COAD tumor,COAD,-2.9008281,3.2507272,30,42
TCGA-CM-6676-01,COAD tumor,COAD,-1.6005074,3.7444422,30,42
TCGA-CA-5797-01,COAD tumor,COAD,-1.280132,1.4232248,30,42
TCGA-AA-3496-01,COAD tumor,COAD,-1.7238345,3.8901408,30,42
TCGA-NH-A8F7-01,COAD tumor,COAD,-1.8540385,2.0094092,30,42
TCGA-AA-3712-01,COAD tumor,COAD,-0.5864181,0.6809588,30,42
TCGA-CM-4743-01,COAD tumor,COAD,-1.4425313,1.1671742,30,42
TCGA-AA-3662-01,COAD tumor,COAD,-0.6027432,0.4589754,30,42
TCGA-A6-3809-01,COAD tumor,COAD,-0.7866218,-3.857738,30,42
TCGA-CM-4747-01,COAD tumor,COAD,-2.428261,2.705562,30,42
TCGA-A6-5666-01,COAD tumor,COAD,-2.2810295,1.9000854,30,42
TCGA-DM-A285-01,COAD tumor,COAD,-2.0804787,0.5085018,30,42
TCGA-CM-6171-01,COAD tumor,COAD,-3.883242,2.023249,30,42
TCGA-D5-6538-01,COAD tumor,COAD,-0.2765054,1.8840505,30,42
TCGA-AA-3511-11,COAD normal,COAD,-3.0317829,-0.89597917,30,42
TCGA-A6-2675-01,COAD tumor,COAD,-3.2769232,2.7872677,30,42
TCGA-G4-6298-01,COAD tumor,COAD,-2.8235323,2.013132,30,42
TCGA-A6-6650-01,COAD tumor,COAD,-0.63075924,0.961703,30,42
TCGA-AM-5820-01,COAD tumor,COAD,-2.4192595,2.0713596,30,42
TCGA-AA-3663-01,COAD tumor,COAD,-1.3723192,-0.42546412,30,42
TCGA-A6-6654-01,COAD tumor,COAD,-2.5914156,1.924158,30,42
TCGA-CM-5349-01,COAD tumor,COAD,-1.3000371,0.02899532,30,42
TCGA-AZ-6599-11,COAD normal,COAD,-2.9234369,-0.4404542,30,42
TCGA-A6-2686-11,COAD normal,COAD,-4.4243855,-0.15629847,30,42
TCGA-AZ-6600-01,COAD tumor,COAD,-2.939817,1.923065,30,42
TCGA-AA-3509-01,COAD tumor,COAD,-1.6718498,2.5095482,30,42
TCGA-AZ-6606-01,COAD tumor,COAD,-2.5083222,3.5208209,30,42
TCGA-WS-AB45-01,COAD tumor,COAD,-3.201681,1.6256478,30,42
TCGA-AD-6548-01,COAD tumor,COAD,-0.9477793,1.2480824,30,42
TCGA-D5-6926-01,COAD tumor,COAD,-2.5062377,3.637252,30,42
TCGA-AZ-6598-11,COAD normal,COAD,-2.874323,-0.64053196,30,42
TCGA-A6-6138-01,COAD tumor,COAD,-1.8377521,1.4745861,30,42
TCGA-AZ-4616-01,COAD tumor,COAD,-2.7611387,2.061779,30,42
TCGA-A6-5659-11,COAD normal,COAD,-4.231261,-0.107887276,30,42
TCGA-AA-A02K-01,COAD tumor,COAD,-2.0502644,2.4478796,30,42
TCGA-A6-2685-01,COAD tumor,COAD,-2.9848387,2.9569204,30,42
TCGA-AZ-6601-11,COAD normal,COAD,-4.2024765,1.1142329,30,42
TCGA-DM-A1HA-01,COAD tumor,COAD,-1.6237339,3.0057092,30,42
TCGA-AA-3713-01,COAD tumor,COAD,-3.9350746,1.9323084,30,42
TCGA-G4-6627-01,COAD tumor,COAD,-2.5259447,2.250354,30,42
TCGA-AA-3502-01,COAD tumor,COAD,-2.3162997,1.7387247,30,42
TCGA-AA-A01X-01,COAD tumor,COAD,-1.5414797,2.447085,30,42
TCGA-CK-5913-01,COAD tumor,COAD,-2.9903517,1.4700162,30,42
TCGA-4N-A93T-01,COAD tumor,COAD,-1.4241673,2.539513,30,42
TCGA-AZ-6603-11,COAD normal,COAD,-1.813524,-0.13875222,30,42
TCGA-QG-A5YV-01,COAD tumor,COAD,-0.7791422,2.1713538,30,42
TCGA-AZ-6607-01,COAD tumor,COAD,-0.14734547,-4.0248146,30,42
TCGA-G4-6321-01,COAD tumor,COAD,-4.064146,-0.2669656,30,42
TCGA-D5-6536-01,COAD tumor,COAD,-0.7957622,0.19821271,30,42
TCGA-A6-6140-01,COAD tumor,COAD,-1.597347,1.5662369,30,42
TCGA-A6-2682-11,COAD normal,COAD,-4.2479954,-0.3533825,30,42
TCGA-A6-A566-01,COAD tumor,COAD,-1.3543555,0.5094094,30,42
TCGA-AD-6963-01,COAD tumor,COAD,-2.0397196,3.2778819,30,42
TCGA-D5-5541-01,COAD tumor,COAD,-0.36437955,0.38216504,30,42
TCGA-AM-5821-01,COAD tumor,COAD,-1.5954686,0.21940406,30,42
TCGA-A6-6652-01,COAD tumor,COAD,-0.47362328,1.6365167,30,42
TCGA-DM-A282-01,COAD tumor,COAD,-1.3180356,3.5058153,30,42
TCGA-AD-6901-01,COAD tumor,COAD,-3.2795758,2.6602113,30,42
TCGA-CM-6161-01,COAD tumor,COAD,-2.8647346,3.4287558,30,42
TCGA-5M-AAT5-01,COAD tumor,COAD,-2.802683,3.6499171,30,42
TCGA-CK-6748-01,COAD tumor,COAD,-2.3103213,2.0483458,30,42
TCGA-A6-5665-11,COAD normal,COAD,-3.3580823,-0.95307183,30,42
TCGA-AZ-4684-01,COAD tumor,COAD,-1.602677,2.1639402,30,42
TCGA-AA-3517-11,COAD normal,COAD,-3.7885187,0.094416685,30,42
TCGA-G4-6302-01,COAD tumor,COAD,-1.2154117,0.5788872,30,42
TCGA-AU-6004-01,COAD tumor,COAD,-1.4983864,-0.71375716,30,42
TCGA-G4-6310-01,COAD tumor,COAD,-0.3343258,2.2414608,30,42
TCGA-CA-5255-01,COAD tumor,COAD,-2.7790976,2.823135,30,42
TCGA-NH-A6GA-01,COAD tumor,COAD,-1.6630198,0.43900046,30,42
TCGA-AA-3655-01,COAD tumor,COAD,-2.6058917,3.1680746,30,42
TCGA-A6-2678-11,COAD normal,COAD,-3.2871408,-0.7645087,30,42
TCGA-CM-5863-01,COAD tumor,COAD,-0.5711434,-0.34371158,30,42
TCGA-G4-6304-01,COAD tumor,COAD,-2.20622,3.7366295,30,42
TCGA-CM-6678-01,COAD tumor,COAD,-1.8764274,2.5118322,30,42
TCGA-A6-5657-01,COAD tumor,COAD,-2.2491553,3.3116214,30,42
TCGA-A6-2672-01,COAD tumor,COAD,-0.8614317,0.27097267,30,42
TCGA-D5-6930-01,COAD tumor,COAD,-3.7552893,0.44503987,30,42
TCGA-F4-6805-01,COAD tumor,COAD,-3.0232987,1.0564772,30,42
TCGA-DM-A28M-01,COAD tumor,COAD,-1.5558895,2.6211987,30,42
TCGA-QL-A97D-01,COAD tumor,COAD,-1.2806854,3.1428359,30,42
TCGA-3L-AA1B-01,COAD tumor,COAD,-0.14414026,1.1615082,30,42
TCGA-CM-5860-01,COAD tumor,COAD,-2.4104002,2.5073102,30,42
TCGA-A6-2684-11,COAD normal,COAD,-3.4853446,-0.20431586,30,42
TCGA-AA-3534-11,COAD normal,COAD,-3.3487551,-0.024719303,30,42
TCGA-A6-2679-11,COAD normal,COAD,-4.495746,0.13774061,30,42
TCGA-SS-A7HO-01,COAD tumor,COAD,-1.9380018,2.5927527,30,42
TCGA-D5-6537-01,COAD tumor,COAD,-2.9096394,3.0632524,30,42
TCGA-AA-3495-01,COAD tumor,COAD,-0.93997186,1.8886871,30,42
TCGA-CA-5254-01,COAD tumor,COAD,-3.5280054,0.40401256,30,42
TCGA-AD-A5EK-01,COAD tumor,COAD,-1.4018462,3.245161,30,42
TCGA-CK-6746-01,COAD tumor,COAD,-0.83369106,-0.3978627,30,42
TCGA-CA-6718-01,COAD tumor,COAD,-0.2692144,-0.119672954,30,42
TCGA-AY-5543-01,COAD tumor,COAD,-1.5555061,2.597444,30,42
TCGA-CK-4952-01,COAD tumor,COAD,-0.6985849,-0.2003771,30,42
TCGA-F4-6807-01,COAD tumor,COAD,-0.2352076,0.20926335,30,42
TCGA-CK-5915-01,COAD tumor,COAD,-1.5553426,2.9258206,30,42
TCGA-A6-6781-01,COAD tumor,COAD,-1.7183808,-0.42255288,30,42
TCGA-AZ-6605-11,COAD normal,COAD,0.10342826,-3.7288969,30,42
TCGA-AU-3779-01,COAD tumor,COAD,-1.6093323,2.4843652,30,42
TCGA-DM-A1D4-01,COAD tumor,COAD,-0.652331,2.6892889,30,42
TCGA-DM-A1D0-01,COAD tumor,COAD,-0.5337112,-0.018922523,30,42
TCGA-A6-2671-11,COAD normal,COAD,-3.490108,0.031255953,30,42
TCGA-CM-6675-01,COAD tumor,COAD,-2.3407462,-0.48415485,30,42
TCGA-AY-6197-01,COAD tumor,COAD,-2.899903,2.8667629,30,42
TCGA-DM-A28K-01,COAD tumor,COAD,-2.8737152,2.8648477,30,42
TCGA-G4-6307-01,COAD tumor,COAD,-0.9530973,3.0811043,30,42
TCGA-CM-5861-01,COAD tumor,COAD,-3.0411525,1.4313897,30,42
TCGA-CA-5796-01,COAD tumor,COAD,-4.2490115,-0.12384633,30,42
TCGA-AZ-4323-01,COAD tumor,COAD,-0.3034271,1.8653029,30,42
TCGA-DM-A1DA-01,COAD tumor,COAD,-0.09784224,0.9622511,30,42
TCGA-D5-6928-01,COAD tumor,COAD,-3.8146133,2.287,30,42
TCGA-AA-3685-01,COAD tumor,COAD,-0.12587285,1.4539292,30,42
TCGA-A6-5664-01,COAD tumor,COAD,-1.5479426,0.4161715,30,42
TCGA-AZ-5407-01,COAD tumor,COAD,-2.2114716,1.6241907,30,42
TCGA-AA-3522-11,COAD normal,COAD,-3.0398436,-0.5053328,30,42
TCGA-AA-3496-11,COAD normal,COAD,-3.1012425,-0.86955684,30,42
TCGA-AY-6196-01,COAD tumor,COAD,-1.7843883,0.8029505,30,42
TCGA-D5-6920-01,COAD tumor,COAD,-1.2502762,2.2124536,30,42
TCGA-F4-6461-01,COAD tumor,COAD,-2.6852884,2.3483963,30,42
TCGA-A6-5667-11,COAD normal,COAD,-3.6150253,-0.09324439,30,42
TCGA-D5-6540-01,COAD tumor,COAD,-1.9044648,-0.59483975,30,42
TCGA-G4-6297-01,COAD tumor,COAD,-2.571307,2.989655,30,42
TCGA-A6-2686-01,COAD tumor,COAD,-1.6577691,0.32878298,30,42
TCGA-DM-A28F-01,COAD tumor,COAD,-0.86213213,1.6904864,30,42
TCGA-CA-5256-01,COAD tumor,COAD,-1.9105067,2.263284,30,42
TCGA-A6-6142-01,COAD tumor,COAD,-0.7559524,0.5054902,30,42
TCGA-AZ-6608-01,COAD tumor,COAD,-0.8392803,1.9090157,30,42
TCGA-A6-6141-01,COAD tumor,COAD,-2.1042964,2.0952232,30,42
TCGA-G4-6306-01,COAD tumor,COAD,-2.1601324,1.667125,30,42
TCGA-AA-3525-11,COAD normal,COAD,-3.5078776,-0.30849814,30,42
TCGA-D5-6922-01,COAD tumor,COAD,-2.151033,1.9209448,30,42
TCGA-DM-A288-01,COAD tumor,COAD,-1.7061305,2.1130984,30,42
TCGA-AZ-6600-11,COAD normal,COAD,-4.5911713,-0.0364762,30,42
TCGA-DM-A1HB-01,COAD tumor,COAD,-3.7778337,1.8854858,30,42
TCGA-A6-2682-01,COAD tumor,COAD,-2.522131,3.1228642,30,42
TCGA-CK-4951-01,COAD tumor,COAD,-0.5055099,-4.9353995,30,42
TCGA-CK-4948-01,COAD tumor,COAD,-1.0410688,0.48376656,30,42
TCGA-F4-6856-01,COAD tumor,COAD,-0.92811674,-0.37683585,30,42
TCGA-F4-6569-01,COAD tumor,COAD,-0.013684955,0.63584244,30,42
TCGA-CM-6163-01,COAD tumor,COAD,-1.4228392,0.75402695,30,42
TCGA-D5-6535-01,COAD tumor,COAD,-2.8157933,1.4705838,30,42
TCGA-5M-AAT6-01,COAD tumor,COAD,-0.07741279,-3.7001278,30,42
TCGA-A6-5662-11,COAD normal,COAD,-4.633058,-0.11458226,30,42
TCGA-AA-3526-01,COAD tumor,COAD,-0.14544979,1.7167237,30,42
TCGA-AA-3514-11,COAD normal,COAD,-3.7567334,-0.19592336,30,42
TCGA-AD-6895-01,COAD tumor,COAD,-1.4355179,0.7428182,30,42
TCGA-G4-6586-01,COAD tumor,COAD,-3.1373963,2.608837,30,42
TCGA-NH-A8F8-01,COAD tumor,COAD,-0.84150034,-0.15704988,30,42
TCGA-D5-6529-01,COAD tumor,COAD,-1.3180705,0.34462404,30,42
TCGA-DM-A0XF-01,COAD tumor,COAD,-0.65482545,3.0181754,30,42
TCGA-A6-5667-01,COAD tumor,COAD,-2.0400186,3.1604564,30,42
TCGA-CM-6169-01,COAD tumor,COAD,-3.5705557,2.7045505,30,42
TCGA-CA-6719-01,COAD tumor,COAD,-0.41416493,0.49645242,30,42
TCGA-D5-7000-01,COAD tumor,COAD,-3.6696875,2.2337937,30,42
TCGA-G4-6625-01,COAD tumor,COAD,-0.21858412,0.32721975,30,42
TCGA-CM-6680-01,COAD tumor,COAD,-1.7279603,-0.09194881,30,42
TCGA-CM-6166-01,COAD tumor,COAD,-1.2116436,3.032313,30,42
TCGA-NH-A6GB-01,COAD tumor,COAD,-3.4196718,2.944338,30,42
TCGA-D5-6923-01,COAD tumor,COAD,-1.7564032,1.385458,30,42
TCGA-AZ-4614-01,COAD tumor,COAD,-2.9660165,1.779605,30,42
TCGA-CM-5864-01,COAD tumor,COAD,-0.30194548,2.0952144,30,42
TCGA-AA-3655-11,COAD normal,COAD,-3.5610945,-0.5426247,30,42
TCGA-CK-5912-01,COAD tumor,COAD,-2.3995795,2.9459336,30,42
TCGA-D5-6927-01,COAD tumor,COAD,-1.0920345,0.01624152,30,42
TCGA-QG-A5YW-01,COAD tumor,COAD,-1.3390452,2.7357259,30,42
TCGA-D5-6532-01,COAD tumor,COAD,-1.8857766,3.9682906,30,42
TCGA-CM-6172-01,COAD tumor,COAD,-1.4767513,2.1017864,30,42
TCGA-D5-6533-01,COAD tumor,COAD,-0.9840302,1.0607973,30,42
TCGA-AA-3697-11,COAD normal,COAD,-4.368618,0.12871177,30,42
TCGA-DM-A28H-01,COAD tumor,COAD,-1.5329136,3.0527265,30,42
TCGA-F4-6460-01,COAD tumor,COAD,-0.16377075,0.94673145,30,42
TCGA-D5-5540-01,COAD tumor,COAD,-1.2395426,2.777217,30,42
TCGA-A6-5660-01,COAD tumor,COAD,-0.75601095,1.3146985,30,42
TCGA-F4-6463-01,COAD tumor,COAD,-1.8131133,2.0000758,30,42
TCGA-CM-6170-01,COAD tumor,COAD,-0.7675046,1.520384,30,42
TCGA-AA-3662-11,COAD normal,COAD,-3.0856793,-1.0639781,30,42
TCGA-QG-A5Z2-01,COAD tumor,COAD,-3.9473336,1.8107815,30,42
TCGA-A6-2675-11,COAD normal,COAD,-2.6258483,-0.62928057,30,42
TCGA-G4-6294-01,COAD tumor,COAD,-1.0754179,3.00831,30,42
TCGA-D5-6530-01,COAD tumor,COAD,-1.4815358,0.34327236,30,42
TCGA-G4-6315-01,COAD tumor,COAD,-2.112373,3.422554,30,42
TCGA-AA-A01P-01,COAD tumor,COAD,-3.0938933,1.6082907,30,42
TCGA-G4-6303-01,COAD tumor,COAD,-0.98687214,2.1442628,30,42
TCGA-AZ-4682-01,COAD tumor,COAD,-0.29838136,1.9685811,30,42
TCGA-AA-3527-11,COAD normal,COAD,-3.5599723,0.8896403,30,42
TCGA-AD-6890-01,COAD tumor,COAD,-0.40336958,0.8915434,30,42
TCGA-AD-6889-01,COAD tumor,COAD,-1.1257249,2.7976553,30,42
TCGA-CK-4950-01,COAD tumor,COAD,-2.4003887,3.794643,30,42
TCGA-CM-5344-01,COAD tumor,COAD,-0.41738418,-0.39726463,30,42
TCGA-QG-A5Z1-01,COAD tumor,COAD,-0.5602647,2.5702343,30,42
TCGA-G4-6628-01,COAD tumor,COAD,-3.34019,1.7251215,30,42
TCGA-D5-6534-01,COAD tumor,COAD,-2.23166,1.8618689,30,42
TCGA-AA-3663-11,COAD normal,COAD,-4.657914,0.100472264,30,42
TCGA-A6-5659-01,COAD tumor,COAD,-1.452144,1.8823856,30,42
TCGA-CM-5862-01,COAD tumor,COAD,-0.21456774,1.1109504,30,42
TCGA-AA-3697-01,COAD tumor,COAD,-1.9011165,3.6617231,30,42
TCGA-F4-6704-01,COAD tumor,COAD,-2.8226357,1.7151951,30,42
TCGA-CK-6751-01,COAD tumor,COAD,-3.0898433,2.9405768,30,42
TCGA-AD-A5EJ-01,COAD tumor,COAD,-1.0074141,-0.19578405,30,42
TCGA-T9-A92H-01,COAD tumor,COAD,-0.42507187,2.652215,30,42
TCGA-AA-3713-11,COAD normal,COAD,-3.7338486,0.14340518,30,42
TCGA-CA-6716-01,COAD tumor,COAD,-0.13860884,2.0252688,30,42
TCGA-AA-3660-11,COAD normal,COAD,-3.3608258,-0.30968294,30,42
TCGA-AA-3489-11,COAD normal,COAD,-3.4270265,-0.88767046,30,42
TCGA-AA-A01Z-01,COAD tumor,COAD,-1.2600781,2.2224865,30,42
TCGA-D5-5537-01,COAD tumor,COAD,-2.6270628,2.5798397,30,42
TCGA-D5-6531-01,COAD tumor,COAD,-4.8120565,0.16069613,30,42
TCGA-DM-A1D9-01,COAD tumor,COAD,-1.284123,2.6556458,30,42
TCGA-DM-A1DB-01,COAD tumor,COAD,0.05606358,0.7849558,30,42
TCGA-A6-A5ZU-01,COAD tumor,COAD,-1.69362,1.5881665,30,42
TCGA-NH-A5IV-01,COAD tumor,COAD,-2.4927964,1.5259851,30,42
TCGA-A6-6651-01,COAD tumor,COAD,-3.1632798,1.828695,30,42
TCGA-CA-6715-01,COAD tumor,COAD,-2.1201968,1.4028251,30,42
TCGA-CM-6674-01,COAD tumor,COAD,-2.4629638,1.120436,30,42
TCGA-D5-6932-01,COAD tumor,COAD,-2.4551558,0.8194133,30,42
TCGA-A6-2685-11,COAD normal,COAD,-3.4255388,-0.29788733,30,42
TCGA-A6-6137-01,COAD tumor,COAD,-0.056164976,0.38599157,30,42
TCGA-CK-5916-01,COAD tumor,COAD,-4.1742845,1.509872,30,42
TCGA-F4-6459-01,COAD tumor,COAD,-2.6076598,3.3596568,30,42
TCGA-CM-6165-01,COAD tumor,COAD,-2.3537645,2.2004468,30,42
TCGA-A6-3810-01,COAD tumor,COAD,0.021346424,0.7354178,30,42
TCGA-A6-6780-01,COAD tumor,COAD,-3.2358463,1.7619326,30,42
TCGA-CM-6677-01,COAD tumor,COAD,-2.5382257,2.7906818,30,42
TCGA-G4-6322-01,COAD tumor,COAD,-1.1787288,1.6252813,30,42
TCGA-F4-6854-01,COAD tumor,COAD,-0.41677475,0.5162163,30,42
TCGA-A6-A565-01,COAD tumor,COAD,-1.9147393,-0.15818958,30,42
TCGA-A6-A56B-01,COAD tumor,COAD,-2.0600638,2.090611,30,42
TCGA-AY-A54L-01,COAD tumor,COAD,-1.1860559,2.283801,30,42
TCGA-A6-5665-01,COAD tumor,COAD,-1.8355539,-0.18524975,30,42
TCGA-A6-2677-01,COAD tumor,COAD,-0.6247804,1.0226638,30,42
TCGA-CM-6162-01,COAD tumor,COAD,-1.4600565,-0.18621407,30,42
TCGA-D5-6541-01,COAD tumor,COAD,-2.584005,1.1668578,30,42
TCGA-CM-5348-01,COAD tumor,COAD,-2.4306507,3.383366,30,42
TCGA-4T-AA8H-01,COAD tumor,COAD,-1.8225746,3.4814758,30,42
TCGA-5M-AATA-01,COAD tumor,COAD,-1.9214412,3.6697764,30,42
TCGA-AY-A71X-01,COAD tumor,COAD,-1.7850364,3.0662072,30,42
TCGA-NH-A50T-01,COAD tumor,COAD,-1.8613348,3.3760462,30,42
TCGA-AA-3520-11,COAD normal,COAD,-4.3033414,-0.0075518866,30,42
TCGA-DM-A28C-01,COAD tumor,COAD,-1.0033042,2.6655226,30,42
TCGA-AD-6965-01,COAD tumor,COAD,-0.029237557,1.5162619,30,42
TCGA-DM-A0XD-01,COAD tumor,COAD,-1.1553664,1.0632879,30,42
TCGA-CA-6717-01,COAD tumor,COAD,-2.9662025,0.7601743,30,42
TCGA-A6-6782-01,COAD tumor,COAD,-2.275407,3.7855692,30,42
TCGA-A6-2674-01,COAD tumor,COAD,-2.0857368,1.7381417,30,42
TCGA-G4-6626-01,COAD tumor,COAD,-0.056364495,1.6889392,30,42
TCGA-CM-4744-01,COAD tumor,COAD,-2.223383,1.3078951,30,42
TCGA-AZ-6605-01,COAD tumor,COAD,-0.36866578,-0.103587344,30,42
TCGA-A6-2680-11,COAD normal,COAD,-0.7388862,-2.3092675,30,42
TCGA-AZ-6601-01,COAD tumor,COAD,-0.3725132,-0.1237709,30,42
TCGA-A6-2684-01,COAD tumor,COAD,-3.5318842,2.3109012,30,42
TCGA-AZ-4315-01,COAD tumor,COAD,-1.4078972,1.173588,30,42
TCGA-CM-4751-01,COAD tumor,COAD,-3.256605,2.8674033,30,42
TCGA-AA-3675-01,COAD tumor,COAD,-0.6292306,1.4332243,30,42
TCGA-G4-6317-01,COAD tumor,COAD,-1.304476,3.4707782,30,42
TCGA-DM-A28A-01,COAD tumor,COAD,-0.56594163,0.34643257,30,42
TCGA-AA-3660-01,COAD tumor,COAD,-2.1600535,3.634648,30,42
TCGA-EI-6512-01,READ tumor,READ,-0.13467139,1.9272383,30,42
TCGA-F5-6863-01,READ tumor,READ,-1.7542968,2.3026612,30,42
TCGA-AG-3742-01,READ tumor,READ,-0.18410933,1.1417493,30,42
TCGA-DC-6681-01,READ tumor,READ,-1.0720989,1.0148163,30,42
TCGA-DC-5337-01,READ tumor,READ,-2.3420928,1.7529752,30,42
TCGA-DC-4745-01,READ tumor,READ,-0.95732677,2.0242403,30,42
TCGA-AF-3911-01,READ tumor,READ,-2.2152934,2.4751909,30,42
TCGA-CI-6622-01,READ tumor,READ,-1.8953778,3.8922987,30,42
TCGA-DC-6158-01,READ tumor,READ,-0.79355896,0.25010258,30,42
TCGA-EI-6884-01,READ tumor,READ,-1.1114163,0.83962595,30,42
TCGA-G5-6233-01,READ tumor,READ,-0.4364755,0.18972816,30,42
TCGA-AG-3731-11,READ normal,READ,-4.1787868,-0.2536789,30,42
TCGA-AG-3725-11,READ normal,READ,-3.7121434,-0.5920948,30,42
TCGA-AH-6903-01,READ tumor,READ,-1.9383417,2.8733916,30,42
TCGA-CI-6621-01,READ tumor,READ,-1.8848137,3.7603395,30,42
TCGA-EI-6882-01,READ tumor,READ,-2.0278497,-0.36833856,30,42
TCGA-AF-2687-01,READ tumor,READ,-1.8097013,2.8054733,30,42
TCGA-DC-6156-01,READ tumor,READ,-2.2785046,3.5747235,30,42
TCGA-EF-5830-01,READ tumor,READ,-0.29080057,1.1785647,30,42
TCGA-G5-6641-01,READ tumor,READ,-1.7739533,2.7579672,30,42
TCGA-AF-6136-01,READ tumor,READ,-1.0907792,0.19186439,30,42
TCGA-F5-6813-01,READ tumor,READ,0.032323606,0.37602416,30,42
TCGA-AF-6655-01,READ tumor,READ,-1.469778,0.2788101,30,42
TCGA-AF-A56L-01,READ tumor,READ,-0.21379042,0.81171066,30,42
TCGA-G5-6572-01,READ tumor,READ,-0.3755482,1.4466423,30,42
TCGA-AF-5654-11,READ normal,READ,-3.8528025,0.01745431,30,42
TCGA-EI-6507-01,READ tumor,READ,-0.96592635,-0.1795128,30,42
TCGA-AH-6549-01,READ tumor,READ,-0.06992095,0.118373655,30,42
TCGA-EI-6508-01,READ tumor,READ,-2.5318303,3.299146,30,42
TCGA-AH-6897-01,READ tumor,READ,-1.5702864,3.869163,30,42
TCGA-AF-4110-01,READ tumor,READ,-1.9111247,1.9206287,30,42
TCGA-DC-6682-01,READ tumor,READ,-1.5815051,1.7843308,30,42
TCGA-AF-2691-11,READ normal,READ,-4.097824,-0.19827014,30,42
TCGA-EI-6513-01,READ tumor,READ,-0.37208936,1.9938196,30,42
TCGA-EI-6506-01,READ tumor,READ,-1.5030743,3.560624,30,42
TCGA-DC-6683-01,READ tumor,READ,-1.990094,1.7290286,30,42
TCGA-DC-6155-01,READ tumor,READ,-1.4794756,3.2158203,30,42
TCGA-BM-6198-01,READ tumor,READ,-3.1964266,2.4064202,30,42
TCGA-DY-A1DG-01,READ tumor,READ,-1.1200163,3.3929005,30,42
TCGA-DC-4749-01,READ tumor,READ,-2.0192182,2.4310105,30,42
TCGA-G5-6235-01,READ tumor,READ,-1.4941658,3.5161724,30,42
TCGA-AH-6643-11,READ normal,READ,-3.2308238,-0.93539375,30,42
TCGA-EI-6514-01,READ tumor,READ,-2.275614,3.462735,30,42
TCGA-AF-2693-01,READ tumor,READ,-1.2490585,2.5468938,30,42
TCGA-AF-A56N-01,READ tumor,READ,-2.0313513,3.9440498,30,42
TCGA-DY-A1DD-01,READ tumor,READ,-0.53026164,2.2906468,30,42
TCGA-AF-A56K-01,READ tumor,READ,-1.5504817,3.3436997,30,42
TCGA-F5-6571-01,READ tumor,READ,-2.0871656,3.845914,30,42
TCGA-CI-6623-01,READ tumor,READ,-1.6730427,2.8879879,30,42
TCGA-AF-2690-01,READ tumor,READ,-0.60323894,-0.33661556,30,42
TCGA-AG-3591-01,READ tumor,READ,-2.8793766,2.416329,30,42
TCGA-AG-4022-01,READ tumor,READ,-0.6943879,0.06408313,30,42
TCGA-AG-3731-01,READ tumor,READ,-0.6416604,0.2013439,30,42
TCGA-DY-A1DF-01,READ tumor,READ,-1.0221903,2.414606,30,42
TCGA-EI-6917-01,READ tumor,READ,-3.1839447,1.6593648,30,42
TCGA-DY-A1DE-01,READ tumor,READ,-0.20636973,0.29483062,30,42
TCGA-AH-6644-01,READ tumor,READ,-2.0844038,1.3772662,30,42
TCGA-AF-2689-11,READ normal,READ,-3.2412553,-0.790539,30,42
TCGA-F5-6861-01,READ tumor,READ,-2.3350654,3.9443598,30,42
TCGA-F5-6814-01,READ tumor,READ,-2.4557617,1.1777424,30,42
TCGA-EI-6511-01,READ tumor,READ,-2.3395097,2.857917,30,42
TCGA-AG-3732-01,READ tumor,READ,-3.422682,2.7052758,30,42
TCGA-AH-6544-01,READ tumor,READ,-2.1890624,2.8325708,30,42
TCGA-AF-6672-01,READ tumor,READ,-0.63967943,1.2806665,30,42
TCGA-DY-A0XA-01,READ tumor,READ,-0.6095743,0.48518366,30,42
TCGA-EI-7002-01,READ tumor,READ,-3.6381016,2.4463098,30,42
TCGA-AG-3742-11,READ normal,READ,-3.780924,-0.32542166,30,42
TCGA-F5-6702-01,READ tumor,READ,-3.467666,2.5145237,30,42
TCGA-DY-A1H8-01,READ tumor,READ,-0.7442408,2.7725055,30,42
TCGA-DT-5265-01,READ tumor,READ,-3.393646,1.2486376,30,42
TCGA-F5-6465-01,READ tumor,READ,-1.46011,0.2871812,30,42
TCGA-AF-3400-11,READ normal,READ,-3.0137317,-0.08681315,30,42
TCGA-F5-6864-01,READ tumor,READ,-0.10001973,0.5681999,30,42
TCGA-EI-6510-01,READ tumor,READ,-1.8147751,2.5239217,30,42
TCGA-F5-6812-01,READ tumor,READ,-1.8740885,0.56935996,30,42
TCGA-DC-6160-01,READ tumor,READ,-2.0016646,1.857912,30,42
TCGA-F5-6810-01,READ tumor,READ,-0.16025819,1.8205285,30,42
TCGA-CL-4957-01,READ tumor,READ,-1.7399716,2.4658704,30,42
TCGA-EI-7004-01,READ tumor,READ,-3.1965923,3.0559366,30,42
TCGA-DC-6154-01,READ tumor,READ,-1.6617184,1.8487879,30,42
TCGA-CI-6619-01,READ tumor,READ,-2.9442315,3.7914033,30,42
TCGA-CI-6624-01,READ tumor,READ,-3.0714529,3.104504,30,42
TCGA-CL-5918-01,READ tumor,READ,-1.32849,3.2262263,30,42
TCGA-AG-3732-11,READ normal,READ,-3.1408262,-0.91271764,30,42
TCGA-AG-3592-01,READ tumor,READ,-1.3107698,2.716629,30,42
TCGA-CL-5917-01,READ tumor,READ,-2.1639931,3.117732,30,42
TCGA-EI-6885-01,READ tumor,READ,-0.20929785,1.8367519,30,42
TCGA-EF-5831-01,READ tumor,READ,-1.5500313,0.47773507,30,42
TCGA-DC-5869-01,READ tumor,READ,-1.8504426,1.5280807,30,42
TCGA-AG-4021-01,READ tumor,READ,-0.15788732,0.24787277,30,42
TCGA-DC-6157-01,READ tumor,READ,-1.0886927,2.5594468,30,42
TCGA-AH-6547-01,READ tumor,READ,-3.0569472,0.7256713,30,42
TCGA-AF-5654-01,READ tumor,READ,-0.9563922,3.3519843,30,42
TCGA-F5-6811-01,READ tumor,READ,-0.11357435,0.94234514,30,42
TCGA-EI-6509-01,READ tumor,READ,-0.32744655,-1.1106366,30,42
TCGA-AF-2692-11,READ normal,READ,-4.1141086,1.1233933,30,42
TCGA-CI-6620-01,READ tumor,READ,-0.26319256,-0.08242232,30,42
TCGA-AH-6643-01,READ tumor,READ,-1.2138658,-0.62743825,30,42
TCGA-DY-A1DC-01,READ tumor,READ,-1.2215792,2.5339262,30,42
TCGA-EI-6881-01,READ tumor,READ,-1.5672724,2.921558,30,42
TCGA-AG-3725-01,READ tumor,READ,-2.0045838,3.606977,30,42
TCGA-F5-6464-01,READ tumor,READ,-0.5084089,0.8105588,30,42
GTEX-WQUQ-2526-SM-4MVNO,GTEx colon,GTEX,-2.5811925,2.0139945,30,42
GTEX-13G51-2126-SM-5IJD9,GTEx colon,GTEX,-0.7624071,-4.235522,30,42
GTEX-1122O-1526-SM-5N9CL,GTEx colon,GTEX,-2.53359,-0.2808856,30,42
GTEX-UPIC-1726-SM-4IHKG,GTEx colon,GTEX,-4.504106,-0.27045208,30,42
GTEX-146FH-2426-SM-5Q5EW,GTEx colon,GTEX,-3.5293818,1.4099705,30,42
GTEX-ZTSS-1126-SM-5985O,GTEx colon,GTEX,-3.724851,0.32215023,30,42
GTEX-13N2G-2226-SM-5IJCU,GTEx colon,GTEX,0.14572667,-4.415138,30,42
GTEX-ZYFC-2626-SM-5NQ6S,GTEx colon,GTEX,-0.35254186,-4.5380745,30,42
GTEX-ZDYS-2326-SM-4WKG6,GTEx colon,GTEX,-2.6292896,-1.1164173,30,42
GTEX-ZAB5-1426-SM-5HL9D,GTEx colon,GTEX,-0.04278555,-4.7142653,30,42
GTEX-12WSG-2426-SM-5EQLZ,GTEx colon,GTEX,-0.99385744,-3.397353,30,42
GTEX-ZTSS-1226-SM-51MSZ,GTEx colon,GTEX,-1.5067515,-4.8489523,30,42
GTEX-13X6I-2726-SM-5Q5ET,GTEx colon,GTEX,0.65495646,-3.806643,30,42
GTEX-13OW5-2626-SM-5MR3M,GTEx colon,GTEX,-0.39027172,-0.522031,30,42
GTEX-WH7G-1426-SM-4LVMU,GTEx colon,GTEX,-2.2255418,-0.9285078,30,42
GTEX-WHWD-1226-SM-4OOS1,GTEx colon,GTEX,-2.8278375,-1.0902139,30,42
GTEX-11ONC-2026-SM-5HL61,GTEx colon,GTEX,-1.3003086,-4.253439,30,42
GTEX-ZE7O-2626-SM-51MSS,GTEx colon,GTEX,-1.0821792,-4.0741153,30,42
GTEX-11P82-1226-SM-5HL5P,GTEx colon,GTEX,0.23183964,-3.9080255,30,42
GTEX-Y3I4-1426-SM-4TT9C,GTEx colon,GTEX,-1.106803,-4.368055,30,42
GTEX-R55G-1226-SM-48FDC,GTEx colon,GTEX,-2.9891195,-1.1256217,30,42
GTEX-1211K-1726-SM-5FQUJ,GTEx colon,GTEX,-2.4633255,0.44938356,30,42
GTEX-11TT1-0926-SM-5GU5M,GTEx colon,GTEX,-0.30394876,-4.197283,30,42
GTEX-12ZZY-2726-SM-5EQ45,GTEx colon,GTEX,-0.9093105,-3.7685146,30,42
GTEX-Y5V6-1626-SM-4VDT2,GTEx colon,GTEX,-3.8977342,1.4528532,30,42
GTEX-13PVQ-2726-SM-5L3H7,GTEx colon,GTEX,-0.71496063,-3.4508092,30,42
GTEX-PX3G-1426-SM-48U1J,GTEx colon,GTEX,-1.6689651,-0.7816816,30,42
GTEX-11O72-2226-SM-5PNW2,GTEx colon,GTEX,-1.1813898,-4.299742,30,42
GTEX-ZV6S-1126-SM-57WE9,GTEx colon,GTEX,0.5060502,-4.4150953,30,42
GTEX-1211K-1826-SM-5EGJ2,GTEx colon,GTEX,-1.4461386,-4.857506,30,42
GTEX-11NSD-1626-SM-5986U,GTEx colon,GTEX,-3.3863807,1.4037102,30,42
GTEX-XMK1-1726-SM-4B64Z,GTEx colon,GTEX,-2.9997368,0.4011433,30,42
GTEX-13D11-0626-SM-5LZYY,GTEx colon,GTEX,-1.155866,-3.9547908,30,42
GTEX-11I78-1326-SM-5PNY9,GTEx colon,GTEX,-1.2923017,-4.6289034,30,42
GTEX-13U4I-2626-SM-5SI9C,GTEx colon,GTEX,0.79597634,-4.219536,30,42
GTEX-ZY6K-1226-SM-5GZYL,GTEx colon,GTEX,-4.6245365,-0.08719996,30,42
GTEX-ZLV1-1326-SM-4WWER,GTEx colon,GTEX,0.8909587,-4.8120904,30,42
GTEX-147JS-2526-SM-5S2Q8,GTEx colon,GTEX,-0.64673316,-2.4692128,30,42
GTEX-ZQG8-2426-SM-57WEE,GTEx colon,GTEX,0.95995307,-4.769532,30,42
GTEX-V955-1626-SM-4JBHJ,GTEx colon,GTEX,-0.39628255,-3.9521687,30,42
GTEX-ZTTD-2626-SM-57WEX,GTEx colon,GTEX,0.81132925,-4.3715334,30,42
GTEX-13O3O-2526-SM-5L3DR,GTEx colon,GTEX,-0.7394043,-2.8831556,30,42
GTEX-QDVN-1326-SM-48TZ3,GTEx colon,GTEX,-1.0258044,-0.13074866,30,42
GTEX-OXRL-1426-SM-3NM9E,GTEx colon,GTEX,-0.6421399,-2.7703772,30,42
GTEX-R53T-1326-SM-48FCQ,GTEx colon,GTEX,-2.4155204,-0.74074453,30,42
GTEX-ZVZP-2026-SM-57WB3,GTEx colon,GTEX,0.2352786,-5.0659375,30,42
GTEX-QLQW-0426-SM-447A7,GTEx colon,GTEX,-3.4221246,0.52018267,30,42
GTEX-P4QT-1426-SM-3NMCX,GTEx colon,GTEX,-4.2440014,0.12904194,30,42
GTEX-11I78-1226-SM-5A5K6,GTEx colon,GTEX,-3.3959992,0.35812324,30,42
GTEX-13VXT-2026-SM-5L3EW,GTEx colon,GTEX,-0.37453637,-4.7871065,30,42
GTEX-S4Q7-0826-SM-4AD5E,GTEx colon,GTEX,-3.6500657,0.5312862,30,42
GTEX-111YS-1826-SM-5GIEP,GTEx colon,GTEX,0.590524,-4.449036,30,42
GTEX-ZYFG-1826-SM-5GZWX,GTEx colon,GTEX,-1.0698297,-4.4512334,30,42
GTEX-X5EB-1126-SM-46MVV,GTEx colon,GTEX,-4.3185706,0.4452,30,42
GTEX-ZF29-1726-SM-4WKFV,GTEx colon,GTEX,0.27065927,-5.0356927,30,42
GTEX-146FQ-1926-SM-5NQBY,GTEx colon,GTEX,-4.111721,0.09673227,30,42
GTEX-11EQ9-1426-SM-5987G,GTEx colon,GTEX,0.8558618,-4.6650395,30,42
GTEX-ZVT4-2626-SM-5N9GJ,GTEx colon,GTEX,-1.0549212,-3.5794945,30,42
GTEX-XBEW-1926-SM-4SOJO,GTEx colon,GTEX,-1.6913949,-0.7629555,30,42
GTEX-YF7O-1626-SM-5IFII,GTEx colon,GTEX,0.6127946,-5.0773396,30,42
GTEX-13CF3-1326-SM-5LZXZ,GTEx colon,GTEX,0.76063645,-4.808112,30,42
GTEX-131XG-1526-SM-5GCNQ,GTEx colon,GTEX,0.2902308,-5.1257515,30,42
GTEX-ZGAY-2126-SM-4YCFB,GTEx colon,GTEX,-4.69467,0.14583798,30,42
GTEX-11ZVC-2126-SM-5EGJ1,GTEx colon,GTEX,-0.21827686,-2.844643,30,42
GTEX-12WSL-1826-SM-5LZW9,GTEx colon,GTEX,0.72660977,-4.263735,30,42
GTEX-11DXY-2026-SM-5N9CZ,GTEx colon,GTEX,0.5459674,-3.9874492,30,42
GTEX-ZAB4-2426-SM-5HL8A,GTEx colon,GTEX,-0.07493245,-3.9151986,30,42
GTEX-ZPIC-2626-SM-57WE2,GTEx colon,GTEX,-0.45204356,-4.7121277,30,42
GTEX-Y114-1526-SM-4TT79,GTEx colon,GTEX,0.013358121,-4.3165407,30,42
GTEX-13OVG-1426-SM-5K7VP,GTEx colon,GTEX,0.7194305,-3.7780483,30,42
GTEX-Y3IK-1826-SM-4WWDS,GTEx colon,GTEX,-2.8419027,-1.0437715,30,42
GTEX-11P81-1126-SM-5GU5G,GTEx colon,GTEX,0.78232867,-4.2323422,30,42
GTEX-11TUW-2026-SM-5EQL8,GTEx colon,GTEX,0.6693517,-5.0024714,30,42
GTEX-148VJ-2426-SM-5NQ9Y,GTEx colon,GTEX,-1.219134,-4.1267405,30,42
GTEX-11DXX-1926-SM-5EGJK,GTEx colon,GTEX,-0.9497953,-2.9532938,30,42
GTEX-ZZ64-0826-SM-5E449,GTEx colon,GTEX,-0.7891588,-3.4416833,30,42
GTEX-ZAJG-2626-SM-5S2NU,GTEx colon,GTEX,-1.4127687,-4.2722845,30,42
GTEX-ZG7Y-1826-SM-4WWD3,GTEx colon,GTEX,-0.02730149,-4.7448125,30,42
GTEX-11ONC-1926-SM-5GU75,GTEx colon,GTEX,-0.5704116,-0.7538785,30,42
GTEX-13S86-1626-SM-5Q5C5,GTEx colon,GTEX,-2.6061897,-0.14729595,30,42
GTEX-ZYFD-2226-SM-5E43P,GTEx colon,GTEX,-1.4904275,-4.6530566,30,42
GTEX-YECK-2826-SM-5IFHF,GTEx colon,GTEX,0.8440668,-4.1960196,30,42
GTEX-ZF28-2526-SM-57WFH,GTEx colon,GTEX,0.8205472,-4.9828243,30,42
GTEX-13X6K-2726-SM-5O9DG,GTEx colon,GTEX,0.72957444,-3.7644963,30,42
GTEX-139T6-1326-SM-5IFFO,GTEx colon,GTEX,-3.9279811,1.3939668,30,42
GTEX-XXEK-1926-SM-4BRVD,GTEx colon,GTEX,0.8389002,-4.0416756,30,42
GTEX-111CU-1426-SM-5GZYP,GTEx colon,GTEX,-2.922381,-0.85386384,30,42
GTEX-145LS-2726-SM-5Q5D8,GTEx colon,GTEX,-0.24027291,-4.2501936,30,42
GTEX-ZZ64-0726-SM-5GZX4,GTEx colon,GTEX,-4.3006124,1.186383,30,42
GTEX-Y5LM-1426-SM-5RQJL,GTEx colon,GTEX,-1.3932289,0.28319058,30,42
GTEX-ZT9W-1726-SM-51MS3,GTEx colon,GTEX,0.6993531,-4.8209534,30,42
GTEX-ZLFU-1426-SM-4WWEU,GTEx colon,GTEX,-1.2929364,-4.766344,30,42
GTEX-131YS-2926-SM-5EGKI,GTEx colon,GTEX,-0.23633811,-4.6969438,30,42
GTEX-117YW-1826-SM-5PNY5,GTEx colon,GTEX,-3.0059915,-0.9885605,30,42
GTEX-PWCY-1026-SM-48TD4,GTEx colon,GTEX,-2.5137682,-0.9928632,30,42
GTEX-XUZC-1326-SM-4BRV2,GTEx colon,GTEX,-3.666563,1.0654339,30,42
GTEX-147JS-2626-SM-5S2UX,GTEx colon,GTEX,-0.82760453,-4.478282,30,42
GTEX-13W3W-2126-SM-5K7UX,GTEx colon,GTEX,-3.4888837,2.459037,30,42
GTEX-ZVT3-2826-SM-5GU6A,GTEx colon,GTEX,-0.6648092,-3.3999696,30,42
GTEX-WOFM-1926-SM-4OOSP,GTEx colon,GTEX,-3.9730566,0.022009088,30,42
GTEX-PWN1-1426-SM-48TDF,GTEx colon,GTEX,-4.605617,0.7340942,30,42
GTEX-TKQ2-1326-SM-4DXT9,GTEx colon,GTEX,-2.7012088,0.7933027,30,42
GTEX-XUJ4-2026-SM-4BOOW,GTEx colon,GTEX,-3.1750154,-1.1157857,30,42
GTEX-SE5C-1526-SM-4BRWU,GTEx colon,GTEX,-3.0132287,-0.46388656,30,42
GTEX-WHSB-0926-SM-4M1XJ,GTEx colon,GTEX,-2.5532727,0.38659495,30,42
GTEX-S4P3-1226-SM-4AD4Y,GTEx colon,GTEX,-4.4956503,0.9737578,30,42
GTEX-111VG-2226-SM-5N9DU,GTEx colon,GTEX,-0.53370494,-4.532437,30,42
GTEX-13FHO-2726-SM-5K7VG,GTEx colon,GTEX,-1.3239971,-3.6565897,30,42
GTEX-O5YW-1426-SM-3MJHF,GTEx colon,GTEX,-2.6809416,-1.0879624,30,42
GTEX-OHPM-1426-SM-3TW8Y,GTEx colon,GTEX,-2.9866688,-1.1206555,30,42
GTEX-Z93S-2426-SM-5HL8N,GTEx colon,GTEX,-0.014080105,-4.539191,30,42
GTEX-XGQ4-1726-SM-4RH4G,GTEx colon,GTEX,-3.3459916,2.3208566,30,42
GTEX-11P7K-1826-SM-5HL5A,GTEx colon,GTEX,-1.0764807,-4.3032637,30,42
GTEX-13FH7-1526-SM-5J2N6,GTEx colon,GTEX,-1.46903,-4.87375,30,42
GTEX-TKQ1-0626-SM-4DXTS,GTEx colon,GTEX,-1.2833078,-4.6456084,30,42
GTEX-ZDTS-2726-SM-5L3E2,GTEx colon,GTEX,-0.36163303,-4.975664,30,42
GTEX-145ME-0826-SM-5O9AF,GTEx colon,GTEX,-1.4388553,-4.730029,30,42
GTEX-ZP4G-1726-SM-4WWCM,GTEx colon,GTEX,-3.5411377,1.1664195,30,42
GTEX-YEC3-2426-SM-5IFJR,GTEx colon,GTEX,-2.8496974,0.600976,30,42
GTEX-13OVI-2126-SM-5KM3U,GTEx colon,GTEX,0.5772548,-5.173386,30,42
GTEX-XV7Q-2226-SM-4BRVY,GTEx colon,GTEX,-1.4730124,-3.9918065,30,42
GTEX-12696-1926-SM-5EGJT,GTEx colon,GTEX,-1.363809,-4.953484,30,42
GTEX-WYJK-2326-SM-4ONDN,GTEx colon,GTEX,-3.0898826,0.91471344,30,42
GTEX-YEC3-2026-SM-4WWFL,GTEx colon,GTEX,-0.61421967,-0.58958054,30,42
GTEX-14C38-2626-SM-5RQI4,GTEx colon,GTEX,-1.245199,-4.80445,30,42
GTEX-ZYT6-2826-SM-5GICX,GTEx colon,GTEX,-1.1535976,-3.5245848,30,42
GTEX-ZQUD-1026-SM-4YCEZ,GTEx colon,GTEX,-3.0515366,-1.2490101,30,42
GTEX-ZVZQ-2626-SM-59HLB,GTEx colon,GTEX,-0.42019907,-3.7236457,30,42
GTEX-ZPU1-1726-SM-4WWFV,GTEx colon,GTEX,-0.12806502,-4.8121715,30,42
GTEX-XAJ8-0426-SM-47JYJ,GTEx colon,GTEX,-1.6703836,-4.585815,30,42
GTEX-YJ8A-1726-SM-5P9IQ,GTEx colon,GTEX,-0.5015099,-0.00013350963,30,42
GTEX-T6MO-0826-SM-4DM51,GTEx colon,GTEX,-0.021766275,-4.4499755,30,42
GTEX-Y114-1626-SM-4TT7I,GTEx colon,GTEX,-1.2375895,-4.3366227,30,42
GTEX-NFK9-2026-SM-3LK5K,GTEx colon,GTEX,-4.3404946,0.78010225,30,42
GTEX-12C56-0626-SM-5EGGC,GTEx colon,GTEX,-3.3388183,0.9954448,30,42
GTEX-ZVP2-1526-SM-5NQ82,GTEx colon,GTEX,-2.356882,-0.8814618,30,42
GTEX-13PVR-1726-SM-5Q5EC,GTEx colon,GTEX,-1.5585862,-4.5997515,30,42
GTEX-T5JW-1126-SM-4DM5V,GTEx colon,GTEX,-3.3326583,0.6926565,30,42
GTEX-13OW6-2226-SM-5N9FL,GTEx colon,GTEX,-0.2865188,-2.7941198,30,42
GTEX-13U4I-2426-SM-5LU34,GTEx colon,GTEX,-0.6206174,-4.783741,30,42
GTEX-11PRG-2026-SM-5GU5F,GTEx colon,GTEX,-1.1432781,-4.2330427,30,42
GTEX-12BJ1-2026-SM-5FQUH,GTEx colon,GTEX,-0.06817569,-4.9787893,30,42
GTEX-11ZU8-1126-SM-5EQ5K,GTEx colon,GTEX,-1.3717914,-4.3861504,30,42
GTEX-YF7O-1726-SM-5IFJ9,GTEx colon,GTEX,-2.4180474,-0.58742416,30,42
GTEX-WY7C-1926-SM-4ONCI,GTEx colon,GTEX,0.6837637,-5.032264,30,42
GTEX-145MO-2626-SM-5QGPD,GTEx colon,GTEX,0.7248336,-4.156434,30,42
GTEX-12BJ1-2126-SM-5BC5O,GTEx colon,GTEX,-2.4978387,-0.057623666,30,42
GTEX-145MN-1726-SM-5SIA6,GTEx colon,GTEX,-3.820784,0.79859453,30,42
GTEX-11EI6-2626-SM-5PNVT,GTEx colon,GTEX,0.770454,-4.1398034,30,42
GTEX-132NY-2726-SM-5PNY2,GTEx colon,GTEX,-0.18001492,-3.9609072,30,42
GTEX-TML8-1326-SM-4DXTO,GTEx colon,GTEX,-3.6092048,0.27030444,30,42
GTEX-148VJ-2626-SM-5QGPI,GTEx colon,GTEX,-1.434073,-4.9913135,30,42
GTEX-XXEK-1826-SM-4BRVC,GTEx colon,GTEX,0.98824453,-4.594137,30,42
GTEX-ZF2S-1926-SM-4WWAN,GTEx colon,GTEX,-2.5042837,-0.31765717,30,42
GTEX-OXRK-1726-SM-3NB16,GTEx colon,GTEX,-2.6887643,-1.0098426,30,42
GTEX-PLZ5-1126-SM-3P613,GTEx colon,GTEX,-2.5569944,-0.3829513,30,42
GTEX-Z93S-2626-SM-57WBX,GTEx colon,GTEX,0.07970339,-4.439049,30,42
GTEX-145MH-2726-SM-5QGQ6,GTEx colon,GTEX,-0.21449679,-3.448286,30,42
GTEX-1339X-1726-SM-5P9J9,GTEx colon,GTEX,-1.4547974,-4.974322,30,42
GTEX-11P7K-1526-SM-5EGI7,GTEx colon,GTEX,-4.417412,0.050416283,30,42
GTEX-11DXZ-1626-SM-5GIDI,GTEx colon,GTEX,-1.2795181,-3.518677,30,42
GTEX-Y8LW-1226-SM-4WWDP,GTEx colon,GTEX,-0.6971251,-3.9542172,30,42
GTEX-14BMU-1326-SM-5RQIH,GTEx colon,GTEX,0.95222586,-4.437164,30,42
GTEX-12WSJ-1426-SM-5GCON,GTEx colon,GTEX,-0.7082664,-4.879395,30,42
GTEX-X4EO-2726-SM-4E3HS,GTEx colon,GTEX,-0.8716537,-3.29219,30,42
GTEX-XQ8I-2126-SM-4BOOM,GTEx colon,GTEX,-3.870824,0.87871313,30,42
GTEX-WY7C-1626-SM-4ONC8,GTEx colon,GTEX,-1.4067199,-4.1269894,30,42
GTEX-VJYA-2026-SM-4KL1K,GTEx colon,GTEX,-4.1472597,1.5922672,30,42
GTEX-13113-1426-SM-5EGHU,GTEx colon,GTEX,-3.688889,1.3005702,30,42
GTEX-ZPU1-1926-SM-57WDT,GTEx colon,GTEX,-2.260486,0.17195697,30,42
GTEX-S341-1426-SM-4AD6U,GTEx colon,GTEX,-0.36974075,-3.4697602,30,42
GTEX-145ME-1126-SM-5SIAT,GTEx colon,GTEX,0.21006839,-4.8476243,30,42
GTEX-111YS-1626-SM-5GZZ9,GTEx colon,GTEX,-1.3749814,-4.120536,30,42
GTEX-14C39-1626-SM-5S2P4,GTEx colon,GTEX,-0.61504,-4.6063337,30,42
GTEX-RM2N-0926-SM-48FD1,GTEx colon,GTEX,-2.400838,-0.013932514,30,42
GTEX-117YX-0826-SM-5H11J,GTEx colon,GTEX,-1.3519135,-4.8268366,30,42
GTEX-11DXZ-1726-SM-5H12M,GTEx colon,GTEX,-3.590028,0.5390095,30,42
GTEX-Q734-1126-SM-48TZY,GTEx colon,GTEX,-3.0664093,0.53913665,30,42
GTEX-QDVJ-1326-SM-48U1X,GTEx colon,GTEX,-4.6569223,0.47731924,30,42
GTEX-145LT-0926-SM-5LU9C,GTEx colon,GTEX,-4.164494,0.29900464,30,42
GTEX-OIZH-1426-SM-3NB1O,GTEx colon,GTEX,-3.695262,1.158697,30,42
GTEX-XV7Q-2126-SM-4BRVX,GTEx colon,GTEX,-3.396635,0.3604728,30,42
GTEX-11P81-1426-SM-5P9JN,GTEx colon,GTEX,-0.669594,-3.7339675,30,42
GTEX-WEY5-1426-SM-4LMJ3,GTEx colon,GTEX,-1.019113,-4.5623584,30,42
GTEX-W5WG-2426-SM-4LMI6,GTEx colon,GTEX,-2.4226983,-0.61674917,30,42
GTEX-13OVJ-1826-SM-5KM2D,GTEx colon,GTEX,1.0539135,-4.606622,30,42
GTEX-RU1J-1326-SM-46MUL,GTEx colon,GTEX,-1.0667344,-0.70576787,30,42
GTEX-R55D-1826-SM-48FEF,GTEx colon,GTEX,-4.5865564,0.91682667,30,42
GTEX-X3Y1-1726-SM-4PQZL,GTEx colon,GTEX,-1.6924738,-0.89201796,30,42
GTEX-12WSJ-1526-SM-5GCNI,GTEx colon,GTEX,0.90445226,-4.3508334,30,42
GTEX-14E6E-1526-SM-5RQIG,GTEx colon,GTEX,-2.7939093,-0.20253424,30,42
GTEX-X15G-1526-SM-4PQZM,GTEx colon,GTEX,-0.40665856,-1.222576,30,42
GTEX-PWOO-1326-SM-48TCJ,GTEx colon,GTEX,-3.2382112,1.2610009,30,42
GTEX-13FH7-1626-SM-5J2O9,GTEx colon,GTEX,-1.4902104,-5.025473,30,42
GTEX-ZVT2-1726-SM-51MRO,GTEx colon,GTEX,-1.1399354,-3.8505926,30,42
GTEX-13QBU-1826-SM-5IJG3,GTEx colon,GTEX,-3.4663792,0.85606587,30,42
GTEX-QEL4-1926-SM-4R1JI,GTEx colon,GTEX,-2.5936842,-1.0715774,30,42
GTEX-P78B-1726-SM-3P5ZV,GTEx colon,GTEX,-1.8414422,-0.81922954,30,42
GTEX-14A5H-1626-SM-5SIAN,GTEx colon,GTEX,0.5699434,-4.8190455,30,42
GTEX-UJHI-1126-SM-4IHLN,GTEx colon,GTEX,-4.7151546,0.3317058,30,42
GTEX-13O61-1526-SM-5KM3P,GTEx colon,GTEX,-0.41391543,-5.053748,30,42
GTEX-XBED-1526-SM-4AT5W,GTEx colon,GTEX,-4.6274595,0.6624359,30,42
GTEX-UJMC-1326-SM-4IHLS,GTEx colon,GTEX,-2.2368007,-0.238955,30,42
GTEX-11TUW-2326-SM-5EQMO,GTEx colon,GTEX,-1.2565856,-3.9456131,30,42
GTEX-139YR-2126-SM-5KM11,GTEx colon,GTEX,-3.9235182,0.20528397,30,42
GTEX-Y8E4-2426-SM-4WWDN,GTEx colon,GTEX,-3.0353372,-0.9384479,30,42
GTEX-Q2AH-1226-SM-48TZL,GTEx colon,GTEX,-2.5516472,-0.70668,30,42
GTEX-WQUQ-2626-SM-4MVNP,GTEx colon,GTEX,-3.347645,2.3701842,30,42
GTEX-12ZZX-2726-SM-5N9FT,GTEx colon,GTEX,-0.40898502,-3.2891748,30,42
GTEX-11ZTT-1626-SM-5EQKR,GTEx colon,GTEX,-0.3352398,-4.9798193,30,42
GTEX-YEC3-2026-SM-5CVLQ,GTEx colon,GTEX,-0.4039775,-2.000875,30,42
GTEX-11ZTS-1526-SM-5N9G7,GTEx colon,GTEX,0.26994848,-4.9477744,30,42
GTEX-XUW1-1926-SM-4BOP1,GTEx colon,GTEX,-3.6476052,0.68186617,30,42
GTEX-QMRM-1226-SM-447C6,GTEx colon,GTEX,-4.5238404,0.33692333,30,42
GTEX-WFG7-1526-SM-4LVMG,GTEx colon,GTEX,-4.3691263,0.4024798,30,42
GTEX-WH7G-1326-SM-4LVMS,GTEx colon,GTEX,-2.3486068,0.4129778,30,42
GTEX-Y3I4-1126-SM-4TT7Y,GTEx colon,GTEX,0.2552458,-4.962,30,42
GTEX-12WSL-1626-SM-5GCMU,GTEx colon,GTEX,-0.88590634,-3.106068,30,42
GTEX-W5WG-2026-SM-4LMIB,GTEx colon,GTEX,-4.432335,1.1600808,30,42
GTEX-147F3-1926-SM-5SIB9,GTEx colon,GTEX,-2.2375963,0.12644567,30,42
GTEX-11EQ8-2626-SM-5N9BO,GTEx colon,GTEX,-0.34237483,-4.1609564,30,42
GTEX-111CU-1226-SM-5EGIN,GTEx colon,GTEX,-1.5098183,-4.483383,30,42
GTEX-ZV7C-1526-SM-5NQ72,GTEx colon,GTEX,-4.188376,0.9510642,30,42
GTEX-11TTK-2426-SM-5PNYO,GTEx colon,GTEX,0.85821724,-4.834451,30,42
GTEX-ZY6K-1326-SM-5GZWP,GTEx colon,GTEX,-1.4555367,-4.95339,30,42
GTEX-13CF2-1826-SM-5N9GK,GTEx colon,GTEX,0.43636483,-3.4015245,30,42
GTEX-13PL7-2526-SM-5IFGR,GTEx colon,GTEX,-3.1442277,0.022105964,30,42
GTEX-133LE-1526-SM-5IFEN,GTEx colon,GTEX,-2.6316023,-0.2841251,30,42
GTEX-1399R-2226-SM-5P9JB,GTEx colon,GTEX,-4.743238,0.03808011,30,42
GTEX-Y5LM-1526-SM-4VDTA,GTEx colon,GTEX,-2.6809947,-0.008385195,30,42
GTEX-1212Z-1826-SM-5FQSH,GTEx colon,GTEX,0.4589492,-4.367811,30,42
GTEX-ZXES-1626-SM-5NQ7L,GTEx colon,GTEX,-0.37996775,-3.8436427,30,42
GTEX-13111-0726-SM-5DUVE,GTEx colon,GTEX,-4.0155964,0.81459475,30,42
GTEX-131XE-1026-SM-5EGKE,GTEx colon,GTEX,-0.36917394,-4.177549,30,42
GTEX-ZEX8-1926-SM-4WKFR,GTEx colon,GTEX,-3.813587,0.4213915,30,42
GTEX-13OW8-2726-SM-5L3FZ,GTEx colon,GTEX,0.22754474,-3.949455,30,42
GTEX-11ILO-2026-SM-5N9CQ,GTEx colon,GTEX,-0.37520552,-0.5169982,30,42
GTEX-145LS-2926-SM-5O99G,GTEx colon,GTEX,-0.23097947,-3.8044689,30,42
GTEX-145MO-2426-SM-5NQ9W,GTEx colon,GTEX,-0.6621123,-3.0347042,30,42
GTEX-13FHP-2426-SM-5KLZ5,GTEx colon,GTEX,0.6224116,-3.6350708,30,42
GTEX-13O21-2426-SM-5MR4A,GTEx colon,GTEX,-4.574809,0.19813429,30,42
GTEX-132AR-2726-SM-5PNVN,GTEx colon,GTEX,-3.297941,0.58870894,30,42
GTEX-XAJ8-0726-SM-47JY5,GTEx colon,GTEX,-0.28566116,-3.6846614,30,42
GTEX-ZYWO-1626-SM-5E44H,GTEx colon,GTEX,-3.8158283,1.2870129,30,42
GTEX-147GR-2826-SM-5RQK8,GTEx colon,GTEX,0.39358217,-4.0485,30,42
GTEX-XUW1-1826-SM-4BOQD,GTEx colon,GTEX,-0.39758217,-4.5112906,30,42
GTEX-11DXX-1826-SM-5H126,GTEx colon,GTEX,-4.5894427,0.8854016,30,42
GTEX-1122O-1426-SM-5H11R,GTEx colon,GTEX,-1.2376696,-4.1853905,30,42
GTEX-ZAB4-2226-SM-5HL97,GTEx colon,GTEX,-2.2502136,2.044583,30,42
GTEX-12WSM-1426-SM-5GCPA,GTEx colon,GTEX,-1.0812281,-3.903021,30,42
GTEX-WXYG-1726-SM-4ONCU,GTEx colon,GTEX,0.77959365,-4.1919518,30,42
GTEX-11EMC-1426-SM-5N9E4,GTEx colon,GTEX,-0.35595307,-4.6618,30,42
GTEX-U3ZM-1126-SM-4DXUB,GTEx colon,GTEX,-2.4151886,0.09418427,30,42
GTEX-131XE-0826-SM-5HL9W,GTEx colon,GTEX,-2.5896518,-0.11395113,30,42
GTEX-ZA64-1426-SM-5CVMC,GTEx colon,GTEX,0.9082943,-4.8005743,30,42
GTEX-13111-1926-SM-5GCOL,GTEx colon,GTEX,-1.1609875,-5.0041504,30,42
GTEX-13W3W-2226-SM-5LU4M,GTEx colon,GTEX,-4.4829235,0.51003385,30,42
GTEX-13SLW-2826-SM-5Q5ES,GTEx colon,GTEX,-1.1529768,-3.601302,30,42
GTEX-1128S-1626-SM-5H12O,GTEx colon,GTEX,-3.3326294,2.740002,30,42
GTEX-14AS3-1126-SM-5Q5CR,GTEx colon,GTEX,-0.61240757,-4.8519945,30,42
GTEX-Q2AI-0926-SM-48U1F,GTEx colon,GTEX,-4.6072464,0.55277544,30,42
GTEX-SNOS-1226-SM-4DM5H,GTEx colon,GTEX,-2.7529595,-0.76098764,30,42
GTEX-YB5E-1626-SM-5IFIQ,GTEx colon,GTEX,-3.2979548,0.26738155,30,42
GTEX-117XS-2226-SM-5GIE1,GTEx colon,GTEX,-0.6783302,-2.9496837,30,42
GTEX-WYVS-1126-SM-4SOJX,GTEx colon,GTEX,-1.1094772,-3.8252368,30,42
GTEX-XYKS-2226-SM-4E3IU,GTEx colon,GTEX,-4.6682334,0.88815635,30,42
GTEX-117YX-0526-SM-5EGJH,GTEx colon,GTEX,-1.208909,-3.8311598,30,42
GTEX-12KS4-2426-SM-5LU8P,GTEx colon,GTEX,-2.9019878,2.0779624,30,42
GTEX-QLQ7-1126-SM-4R1KN,GTEx colon,GTEX,-0.651958,-4.422786,30,42
GTEX-ZF2S-1826-SM-4WKFF,GTEx colon,GTEX,-0.16775392,-3.636425,30,42
GTEX-ZYFG-1926-SM-5GID5,GTEx colon,GTEX,-1.3620738,-4.8291802,30,42
GTEX-14DAR-1526-SM-5RQIX,GTEx colon,GTEX,-2.5018601,-1.1779481,30,42
GTEX-14A5I-2426-SM-5Q5CP,GTEx colon,GTEX,-1.245259,-3.6515417,30,42
GTEX-ZF29-1826-SM-4WKG8,GTEx colon,GTEX,-3.7015202,1.619448,30,42
GTEX-ZYVF-2826-SM-5GIDK,GTEx colon,GTEX,-1.3818552,-3.6466956,30,42
GTEX-1399S-1926-SM-5J2M5,GTEx colon,GTEX,-2.4008956,-0.62294245,30,42
GTEX-13CF3-1426-SM-5K7YY,GTEx colon,GTEX,-0.7231321,-5.271872,30,42
GTEX-13O61-1626-SM-5KM3T,GTEx colon,GTEX,-1.4473425,-4.9115343,30,42
GTEX-ZE9C-2126-SM-4WKGY,GTEx colon,GTEX,0.24271585,-4.7598114,30,42
GTEX-XGQ4-1226-SM-4AT67,GTEx colon,GTEX,-1.8700475,-0.9183159,30,42
GTEX-WFG8-1726-SM-4LVM6,GTEx colon,GTEX,-0.98540235,-4.910158,30,42
GTEX-144GM-1226-SM-5LU52,GTEx colon,GTEX,-3.5094485,0.1456929,30,42
GTEX-WI4N-2226-SM-4OOS9,GTEx colon,GTEX,-0.7471302,-4.767943,30,42
GTEX-11GSP-1626-SM-5986N,GTEx colon,GTEX,-0.50812393,-3.310102,30,42
GTEX-13D11-0826-SM-5KLZJ,GTEx colon,GTEX,-2.6605992,-0.46593758,30,42
GTEX-1399R-2126-SM-5K7WZ,GTEx colon,GTEX,0.700206,-4.732774,30,42
GTEX-WOFM-2026-SM-4OOSQ,GTEx colon,GTEX,-2.685097,-0.104112096,30,42
GTEX-YEC4-1926-SM-5IFHJ,GTEx colon,GTEX,-1.0509928,-3.2749212,30,42
GTEX-WHWD-1526-SM-4OORV,GTEx colon,GTEX,0.021542864,-4.7496777,30,42
GTEX-S7SF-1926-SM-4AT5B,GTEx colon,GTEX,-2.5656126,-0.96653247,30,42
GTEX-QCQG-1626-SM-48U26,GTEx colon,GTEX,-2.7871106,-0.46591154,30,42
GTEX-QV31-0826-SM-4R1KR,GTEx colon,GTEX,-2.6336174,-0.15709719,30,42
GTEX-ZP4G-1526-SM-57WE5,GTEx colon,GTEX,1.1495408,-4.57897,30,42
GTEX-132AR-2826-SM-5IJFV,GTEx colon,GTEX,-1.458826,-4.7318506,30,42
GTEX-WHPG-1626-SM-4M1ZL,GTEx colon,GTEX,0.8725301,-4.912119,30,42
GTEX-13O1R-2426-SM-5KLZZ,GTEx colon,GTEX,-1.6346256,-4.6710587,30,42
GTEX-11GS4-1826-SM-5HL4T,GTEx colon,GTEX,0.6901519,-4.369797,30,42
GTEX-WRHK-1126-SM-4MVOJ,GTEx colon,GTEX,-0.675254,-0.7332049,30,42
GTEX-11EQ9-1526-SM-5PNY7,GTEx colon,GTEX,-3.7806702,2.0451896,30,42
GTEX-XUJ4-2126-SM-4BOOX,GTEx colon,GTEX,-0.94847417,-3.9173157,30,42
GTEX-WFON-1426-SM-4LVMT,GTEx colon,GTEX,-3.9483125,-0.60270095,30,42
GTEX-11P82-1026-SM-5BC5J,GTEx colon,GTEX,-3.1090815,-0.8617929,30,42
GTEX-ZLV1-1226-SM-4WWBX,GTEx colon,GTEX,-2.8392417,-1.2605634,30,42
GTEX-X15G-1326-SM-4PQZJ,GTEx colon,GTEX,-4.4893236,0.07757494,30,42
